name,role,company,industry,location,linkedin_bio
Ava Patel,Head of Growth,FlowMetrics,SaaS,San Francisco,"Helping B2B SaaS companies accelerate pipeline growth with outbound automation, scalable lead generation, and data-driven campaigns that deliver results within weeks."
John Doe,Software Engineer,TechCorp,Healthcare IT,New York,"Building secure backend systems for hospitals, optimizing electronic health record (EHR) integrations, and improving clinical data processing speed for better patient outcomes."
Maria Lopez,Marketing Manager,SalesSphere,B2B SaaS,Chicago,"Managing demand generation campaigns for SaaS firms, specializing in multi-channel outreach and personalized email automation to increase conversion rates."
David Kim,CTO,FinEdge,FinTech,Boston,"Driving technology strategy in financial services, evaluating AI-driven customer acquisition platforms, and delivering faster onboarding experiences for fintech clients."
Sophia Rossi,Operations Lead,GreenBuild,Construction,Los Angeles,"Overseeing construction operations, coordinating logistics to reduce delays, and introducing digital project management tools that cut project timelines by 20%."
Liam Chen,VP Sales,CloudNova,SaaS,Austin,"Leading enterprise SaaS sales teams, scaling outbound operations with AI tools, and consistently delivering faster deal closures and higher meeting-to-close ratios."
Emma Johnson,HR Manager,HealthFirst,Healthcare,Dallas,"Managing healthcare HR operations, streamlining recruitment pipelines, and implementing engagement programs to reduce staff turnover."
Noah Williams,Chief Marketing Officer,AdReach,B2B SaaS,Seattle,"Driving go-to-market strategies for SaaS, implementing fast, AI-powered outreach platforms that shorten the sales cycle and deliver higher-quality leads."
Olivia Brown,Head of Partnerships,InsightAI,AI SaaS,San Jose,"Managing strategic SaaS partnerships, delivering solutions that integrate AI to improve customer acquisition and scale revenue faster."
Ethan Davis,Product Manager,CodeWorks,Software,Denver,"Building developer productivity tools, focused on speeding up code deployment pipelines and automating testing workflows."
Isabella Garcia,Sales Director,MarketBoost,SaaS,Miami,"Managing SaaS sales teams, implementing data-driven outreach campaigns that increase response rates and cut prospecting time in half."
Mason Lee,CEO,GrowthLabs,Consulting,San Francisco,"Advising SaaS founders on outbound sales, offering consulting services that deliver measurable results within 90 days."
Amelia Martin,Data Analyst,HealthNet,Healthcare,Philadelphia,"Analyzing healthcare data to improve patient outcomes, focusing on predictive analytics and reporting dashboards."
James Walker,VP Business Development,ScaleTech,SaaS,Chicago,"Overseeing SaaS business development, leveraging automation to create partnerships faster and expand into new mid-market segments."
Mia Thompson,Marketing Specialist,BuildRight,Construction,Phoenix,"Running campaigns for construction services, focusing on sustainable materials and local project awareness."
Alexander Scott,Head of Sales,InnovaCloud,SaaS,New York,"Building outbound sales strategies for SaaS clients, integrating automation to speed up lead qualification and boost revenue."
Charlotte Evans,Operations Manager,FoodChain,Logistics,Houston,"Streamlining supply chain operations, reducing delivery times by 15%, and implementing real-time tracking for clients."
Benjamin Carter,CTO,SecureNet,Cybersecurity,Boston,"Designing secure network platforms, offering fast breach detection and 24/7 monitoring for enterprises."
Ella White,Growth Marketing Lead,AutoScale,SaaS,Los Angeles,"Leading SaaS growth marketing, using automation platforms to triple outreach speed and generate consistent pipeline growth."
Henry Adams,Sales Executive,CloudSync,SaaS,Atlanta,"Driving SaaS sales cycles, offering clients faster onboarding experiences and outreach strategies that improve meeting conversion rates."
Grace Kim,Product Marketing Manager,NextGen,SaaS,San Francisco,"Positioning SaaS products for mid-market clients, focusing on quick adoption, ROI-driven messaging, and rapid customer onboarding."
Samuel Thompson,CTO,FinSmart,FinTech,New York,"Building AI-powered platforms for financial institutions, delivering secure and fast account opening solutions for B2B clients."
Chloe Brown,Head of Customer Success,HappyTech,SaaS,Seattle,"Managing customer success teams, improving SaaS adoption rates, and ensuring clients achieve fast time-to-value with onboarding programs."
Daniel Martinez,Operations Director,BuildIt,Construction,Los Angeles,"Leading operations for construction projects, coordinating teams to deliver projects on time and under budget."
Sofia Wilson,VP Marketing,CloudScale,SaaS,Austin,"Driving growth marketing campaigns, leveraging automation to deliver faster pipeline generation and higher lead quality."
Jack Robinson,Sales Lead,DataWave,AI SaaS,Boston,"Leading AI SaaS sales teams, focusing on rapid lead qualification and outreach to accelerate client acquisition."
Lily Evans,Software Engineer,HealthSync,Healthcare IT,San Diego,"Developing secure software for healthcare providers, improving patient data exchange speed and efficiency."
Ryan Scott,Chief Strategy Officer,TechForward,Consulting,Chicago,"Guiding SaaS clients in strategic growth initiatives, delivering actionable plans that accelerate revenue within 90 days."
Zoe Harris,Marketing Director,InnoTech,SaaS,Miami,"Running SaaS marketing campaigns, specializing in automation-driven lead generation that delivers measurable results in weeks."
Owen Lewis,VP Sales,CloudWorks,SaaS,San Francisco,"Scaling outbound sales operations for enterprise SaaS clients, implementing AI tools to shorten sales cycles and increase deal velocity."
